PQ,SQ,RQ,PQ_th,SQ_th,RQ_th,PQ_st,SQ_st,RQ_st
89.7202636233923,232.14911664086455,26.83982683982684,0.0,0.0,0.0,140.98898569390218,364.8057547213586,42.17687074829932
105.19827125126635,132.99899265843285,32.0603638785457,0.0,0.0,0.0,165.31156910913282,208.9984170346802,50.38057180914325
67.96756058107648,83.67603515224137,35.556867375049194,0.0,0.0,0.0,106.8061666274059,131.4909123820936,55.87507730364874
61.88209947474059,95.63645225902634,29.43722943722944,0.0,0.0,0.0,97.24329917459237,150.28585354989855,46.25850340136054
58.39330555186678,76.00127016246056,34.2581660763479,0.0,0.0,0.0,91.76090872436208,119.4305673981523,53.834260977118134
