PQ,SQ,RQ,PQ_th,SQ_th,RQ_th,PQ_st,SQ_st,RQ_st
79.5933286661752,120.85521059302233,29.07092907092907,0.0,0.0,0.0,125.07523076113247,189.91533093189224,45.68288854003139
87.26691796521197,103.28222663175094,38.50846123573397,0.0,0.0,0.0,137.1337282310474,162.30064184989433,60.51329622758195
90.51507296668714,105.31699496717026,40.16135379771744,0.0,0.0,0.0,142.23797180479409,165.49813494841038,63.110698824984546
93.51129612096129,108.81732735389366,40.16135379771744,0.0,0.0,0.0,146.9463224757963,170.99865727040432,63.110698824984546
100.81260289045082,114.66925244384099,44.486422668240856,0.0,0.0,0.0,158.41980454213703,180.19453955460727,69.90723562152134
110.31383373935711,125.9919469550364,44.486422668240856,0.0,0.0,0.0,173.35031016184686,197.98734521505722,69.90723562152134
111.5780204598168,127.42076831687703,44.486422668240856,0.0,0.0,0.0,175.3368892939978,200.23263592652106,69.90723562152134
124.77075637382393,143.59752410247157,51.456119637937825,14.263937282229966,21.395905923344948,16.666666666666664,187.91751014044905,213.42702020482963,71.33580705009275
